<?xml version="1.0" encoding="UTF-8"?>
<point_cloud version="1.2.0">
  <params>
    <dataType>uint8</dataType>
    <bands>
      <band label="Red"/>
      <band label="Green"/>
      <band label="Blue"/>
    </bands>
  </params>
  <tracks path="tracks.ply" count="30033"/>
  <points path="points.ply" count="27382"/>
  <projections camera_id="0" path="p0.ply" count="2637"/>
  <projections camera_id="1" path="p1.ply" count="2731"/>
  <projections camera_id="2" path="p2.ply" count="1997"/>
  <projections camera_id="3" path="p3.ply" count="2372"/>
  <projections camera_id="4" path="p4.ply" count="2797"/>
  <projections camera_id="5" path="p5.ply" count="1192"/>
  <projections camera_id="6" path="p6.ply" count="1936"/>
  <projections camera_id="7" path="p7.ply" count="2143"/>
  <projections camera_id="8" path="p8.ply" count="1859"/>
  <projections camera_id="9" path="p9.ply" count="1793"/>
  <projections camera_id="10" path="p10.ply" count="2994"/>
  <projections camera_id="11" path="p11.ply" count="1958"/>
  <projections camera_id="12" path="p12.ply" count="2346"/>
  <projections camera_id="13" path="p13.ply" count="2582"/>
  <projections camera_id="14" path="p14.ply" count="3122"/>
  <projections camera_id="15" path="p15.ply" count="2194"/>
  <projections camera_id="16" path="p16.ply" count="2181"/>
  <projections camera_id="17" path="p17.ply" count="2892"/>
  <projections camera_id="18" path="p18.ply" count="1705"/>
  <projections camera_id="19" path="p19.ply" count="2238"/>
  <projections camera_id="20" path="p20.ply" count="2379"/>
  <projections camera_id="21" path="p21.ply" count="2847"/>
  <projections camera_id="22" path="p22.ply" count="3761"/>
  <projections camera_id="23" path="p23.ply" count="3185"/>
  <projections camera_id="24" path="p24.ply" count="3713"/>
  <projections camera_id="25" path="p25.ply" count="3439"/>
  <projections camera_id="26" path="p26.ply" count="2498"/>
  <projections camera_id="27" path="p27.ply" count="2417"/>
  <projections camera_id="28" path="p28.ply" count="2297"/>
  <projections camera_id="29" path="p29.ply" count="2194"/>
  <projections camera_id="30" path="p30.ply" count="2092"/>
  <projections camera_id="31" path="p31.ply" count="1461"/>
  <projections camera_id="32" path="p32.ply" count="820"/>
  <projections camera_id="33" path="p33.ply" count="724"/>
  <projections camera_id="34" path="p34.ply" count="803"/>
  <projections camera_id="35" path="p35.ply" count="810"/>
  <projections camera_id="36" path="p36.ply" count="1201"/>
  <projections camera_id="37" path="p37.ply" count="1117"/>
  <meta>
    <property name="Info/LastSavedDateTime" value="2019:11:09 16:27:36"/>
    <property name="Info/LastSavedSoftwareVersion" value="1.5.5.9097"/>
    <property name="Info/OriginalDateTime" value="2019:11:09 15:58:02"/>
    <property name="Info/OriginalSoftwareVersion" value="1.5.5.9097"/>
    <property name="MatchPhotos/cameras" value=""/>
    <property name="MatchPhotos/downscale" value="1"/>
    <property name="MatchPhotos/duration" value="64.351"/>
    <property name="MatchPhotos/keypoint_limit" value="40000"/>
    <property name="MatchPhotos/max_workgroup_size" value="100"/>
    <property name="MatchPhotos/network_distribute" value="true"/>
    <property name="MatchPhotos/pairs" value=""/>
    <property name="MatchPhotos/preselection_generic" value="true"/>
    <property name="MatchPhotos/reset_matches" value="false"/>
    <property name="MatchPhotos/store_keypoints" value="false"/>
    <property name="MatchPhotos/tiepoint_limit" value="4000"/>
    <property name="MatchPhotos/workitem_size_cameras" value="20"/>
    <property name="MatchPhotos/workitem_size_pairs" value="80"/>
  </meta>
</point_cloud>
