<?xml version="1.0" encoding="UTF-8"?>
<frame version="1.2.0">
  <cameras>
    <camera camera_id="0">
      <photo path="../../../../../2019-11-09 (1)/IMG_1501.jpg">
        <meta>
          <property name="Exif/ApertureValue" value="1.69599"/>
          <property name="Exif/DateTime" value="2019:11:09 07:52:41"/>
          <property name="Exif/DateTimeOriginal" value="2019:11:09 07:52:41"/>
          <property name="Exif/ExposureTime" value="0.00833333"/>
          <property name="Exif/FNumber" value="1.8"/>
          <property name="Exif/FocalLength" value="4.25"/>
          <property name="Exif/FocalLengthIn35mmFilm" value="26"/>
          <property name="Exif/ISOSpeedRatings" value="80"/>
          <property name="Exif/Make" value="Apple"/>
          <property name="Exif/Model" value="iPhone 11 Pro"/>
          <property name="Exif/Orientation" value="1"/>
          <property name="Exif/ShutterSpeedValue" value="6.90816"/>
          <property name="Exif/Software" value="13.2"/>
          <property name="File/ImageHeight" value="1881"/>
          <property name="File/ImageWidth" value="1411"/>
          <property name="System/FileModifyDate" value="2019:11:09 07:56:19"/>
          <property name="System/FileSize" value="318760"/>
        </meta>
      </photo>
    </camera>
    <camera camera_id="1">
      <photo path="../../../../../2019-11-09 (1)/IMG_1502.jpg">
        <meta>
          <property name="Exif/ApertureValue" value="1.69599"/>
          <property name="Exif/DateTime" value="2019:11:09 07:52:44"/>
          <property name="Exif/DateTimeOriginal" value="2019:11:09 07:52:44"/>
          <property name="Exif/ExposureTime" value="0.00833333"/>
          <property name="Exif/FNumber" value="1.8"/>
          <property name="Exif/FocalLength" value="4.25"/>
          <property name="Exif/FocalLengthIn35mmFilm" value="26"/>
          <property name="Exif/ISOSpeedRatings" value="80"/>
          <property name="Exif/Make" value="Apple"/>
          <property name="Exif/Model" value="iPhone 11 Pro"/>
          <property name="Exif/Orientation" value="1"/>
          <property name="Exif/ShutterSpeedValue" value="6.90816"/>
          <property name="Exif/Software" value="13.2"/>
          <property name="File/ImageHeight" value="1881"/>
          <property name="File/ImageWidth" value="1411"/>
          <property name="System/FileModifyDate" value="2019:11:09 07:56:19"/>
          <property name="System/FileSize" value="140263"/>
        </meta>
      </photo>
    </camera>
    <camera camera_id="2">
      <photo path="../../../../../2019-11-09 (1)/IMG_1503.jpg">
        <meta>
          <property name="Exif/ApertureValue" value="1.69599"/>
          <property name="Exif/DateTime" value="2019:11:09 07:52:48"/>
          <property name="Exif/DateTimeOriginal" value="2019:11:09 07:52:48"/>
          <property name="Exif/ExposureTime" value="0.00833333"/>
          <property name="Exif/FNumber" value="1.8"/>
          <property name="Exif/FocalLength" value="4.25"/>
          <property name="Exif/FocalLengthIn35mmFilm" value="26"/>
          <property name="Exif/ISOSpeedRatings" value="100"/>
          <property name="Exif/Make" value="Apple"/>
          <property name="Exif/Model" value="iPhone 11 Pro"/>
          <property name="Exif/Orientation" value="1"/>
          <property name="Exif/ShutterSpeedValue" value="6.90816"/>
          <property name="Exif/Software" value="13.2"/>
          <property name="File/ImageHeight" value="1881"/>
          <property name="File/ImageWidth" value="1411"/>
          <property name="System/FileModifyDate" value="2019:11:09 07:56:19"/>
          <property name="System/FileSize" value="129608"/>
        </meta>
      </photo>
    </camera>
    <camera camera_id="3">
      <photo path="../../../../../2019-11-09 (1)/IMG_1504.jpg">
        <meta>
          <property name="Exif/ApertureValue" value="1.69599"/>
          <property name="Exif/DateTime" value="2019:11:09 07:52:50"/>
          <property name="Exif/DateTimeOriginal" value="2019:11:09 07:52:50"/>
          <property name="Exif/ExposureTime" value="0.00833333"/>
          <property name="Exif/FNumber" value="1.8"/>
          <property name="Exif/FocalLength" value="4.25"/>
          <property name="Exif/FocalLengthIn35mmFilm" value="26"/>
          <property name="Exif/ISOSpeedRatings" value="125"/>
          <property name="Exif/Make" value="Apple"/>
          <property name="Exif/Model" value="iPhone 11 Pro"/>
          <property name="Exif/Orientation" value="1"/>
          <property name="Exif/ShutterSpeedValue" value="6.90816"/>
          <property name="Exif/Software" value="13.2"/>
          <property name="File/ImageHeight" value="1881"/>
          <property name="File/ImageWidth" value="1411"/>
          <property name="System/FileModifyDate" value="2019:11:09 07:56:19"/>
          <property name="System/FileSize" value="136318"/>
        </meta>
      </photo>
    </camera>
    <camera camera_id="4">
      <photo path="../../../../../2019-11-09 (1)/IMG_1505.jpg">
        <meta>
          <property name="Exif/ApertureValue" value="1.69599"/>
          <property name="Exif/DateTime" value="2019:11:09 07:52:57"/>
          <property name="Exif/DateTimeOriginal" value="2019:11:09 07:52:57"/>
          <property name="Exif/ExposureTime" value="0.0166667"/>
          <property name="Exif/FNumber" value="1.8"/>
          <property name="Exif/FocalLength" value="4.25"/>
          <property name="Exif/FocalLengthIn35mmFilm" value="26"/>
          <property name="Exif/ISOSpeedRatings" value="80"/>
          <property name="Exif/Make" value="Apple"/>
          <property name="Exif/Model" value="iPhone 11 Pro"/>
          <property name="Exif/Orientation" value="1"/>
          <property name="Exif/ShutterSpeedValue" value="5.90747"/>
          <property name="Exif/Software" value="13.2"/>
          <property name="File/ImageHeight" value="1881"/>
          <property name="File/ImageWidth" value="1411"/>
          <property name="System/FileModifyDate" value="2019:11:09 07:56:19"/>
          <property name="System/FileSize" value="179337"/>
        </meta>
      </photo>
    </camera>
    <camera camera_id="5">
      <photo path="../../../../../2019-11-09 (1)/IMG_1509.jpg">
        <meta>
          <property name="Exif/ApertureValue" value="1.69599"/>
          <property name="Exif/DateTime" value="2019:11:09 07:53:07"/>
          <property name="Exif/DateTimeOriginal" value="2019:11:09 07:53:07"/>
          <property name="Exif/ExposureTime" value="0.00833333"/>
          <property name="Exif/FNumber" value="1.8"/>
          <property name="Exif/FocalLength" value="4.25"/>
          <property name="Exif/FocalLengthIn35mmFilm" value="26"/>
          <property name="Exif/ISOSpeedRatings" value="80"/>
          <property name="Exif/Make" value="Apple"/>
          <property name="Exif/Model" value="iPhone 11 Pro"/>
          <property name="Exif/Orientation" value="1"/>
          <property name="Exif/ShutterSpeedValue" value="6.90816"/>
          <property name="Exif/Software" value="13.2"/>
          <property name="File/ImageHeight" value="1881"/>
          <property name="File/ImageWidth" value="1411"/>
          <property name="System/FileModifyDate" value="2019:11:09 07:56:19"/>
          <property name="System/FileSize" value="112132"/>
        </meta>
      </photo>
    </camera>
    <camera camera_id="6">
      <photo path="../../../../../2019-11-09 (1)/IMG_1510.jpg">
        <meta>
          <property name="Exif/ApertureValue" value="1.69599"/>
          <property name="Exif/DateTime" value="2019:11:09 07:53:08"/>
          <property name="Exif/DateTimeOriginal" value="2019:11:09 07:53:08"/>
          <property name="Exif/ExposureTime" value="0.00833333"/>
          <property name="Exif/FNumber" value="1.8"/>
          <property name="Exif/FocalLength" value="4.25"/>
          <property name="Exif/FocalLengthIn35mmFilm" value="26"/>
          <property name="Exif/ISOSpeedRatings" value="80"/>
          <property name="Exif/Make" value="Apple"/>
          <property name="Exif/Model" value="iPhone 11 Pro"/>
          <property name="Exif/Orientation" value="1"/>
          <property name="Exif/ShutterSpeedValue" value="6.90816"/>
          <property name="Exif/Software" value="13.2"/>
          <property name="File/ImageHeight" value="1881"/>
          <property name="File/ImageWidth" value="1411"/>
          <property name="System/FileModifyDate" value="2019:11:09 07:56:19"/>
          <property name="System/FileSize" value="117935"/>
        </meta>
      </photo>
    </camera>
    <camera camera_id="7">
      <photo path="../../../../../2019-11-09 (1)/IMG_1511.jpg">
        <meta>
          <property name="Exif/ApertureValue" value="1.69599"/>
          <property name="Exif/DateTime" value="2019:11:09 07:53:09"/>
          <property name="Exif/DateTimeOriginal" value="2019:11:09 07:53:09"/>
          <property name="Exif/ExposureTime" value="0.00833333"/>
          <property name="Exif/FNumber" value="1.8"/>
          <property name="Exif/FocalLength" value="4.25"/>
          <property name="Exif/FocalLengthIn35mmFilm" value="26"/>
          <property name="Exif/ISOSpeedRatings" value="80"/>
          <property name="Exif/Make" value="Apple"/>
          <property name="Exif/Model" value="iPhone 11 Pro"/>
          <property name="Exif/Orientation" value="1"/>
          <property name="Exif/ShutterSpeedValue" value="6.90816"/>
          <property name="Exif/Software" value="13.2"/>
          <property name="File/ImageHeight" value="1881"/>
          <property name="File/ImageWidth" value="1411"/>
          <property name="System/FileModifyDate" value="2019:11:09 07:56:19"/>
          <property name="System/FileSize" value="115554"/>
        </meta>
      </photo>
    </camera>
    <camera camera_id="8">
      <photo path="../../../../../2019-11-09 (1)/IMG_1512.jpg">
        <meta>
          <property name="Exif/ApertureValue" value="1.69599"/>
          <property name="Exif/DateTime" value="2019:11:09 07:53:10"/>
          <property name="Exif/DateTimeOriginal" value="2019:11:09 07:53:10"/>
          <property name="Exif/ExposureTime" value="0.00833333"/>
          <property name="Exif/FNumber" value="1.8"/>
          <property name="Exif/FocalLength" value="4.25"/>
          <property name="Exif/FocalLengthIn35mmFilm" value="26"/>
          <property name="Exif/ISOSpeedRatings" value="80"/>
          <property name="Exif/Make" value="Apple"/>
          <property name="Exif/Model" value="iPhone 11 Pro"/>
          <property name="Exif/Orientation" value="1"/>
          <property name="Exif/ShutterSpeedValue" value="6.90816"/>
          <property name="Exif/Software" value="13.2"/>
          <property name="File/ImageHeight" value="1881"/>
          <property name="File/ImageWidth" value="1411"/>
          <property name="System/FileModifyDate" value="2019:11:09 07:56:19"/>
          <property name="System/FileSize" value="106327"/>
        </meta>
      </photo>
    </camera>
    <camera camera_id="9">
      <photo path="../../../../../2019-11-09 (1)/IMG_1513.jpg">
        <meta>
          <property name="Exif/ApertureValue" value="1.69599"/>
          <property name="Exif/DateTime" value="2019:11:09 07:53:11"/>
          <property name="Exif/DateTimeOriginal" value="2019:11:09 07:53:11"/>
          <property name="Exif/ExposureTime" value="0.00833333"/>
          <property name="Exif/FNumber" value="1.8"/>
          <property name="Exif/FocalLength" value="4.25"/>
          <property name="Exif/FocalLengthIn35mmFilm" value="26"/>
          <property name="Exif/ISOSpeedRatings" value="100"/>
          <property name="Exif/Make" value="Apple"/>
          <property name="Exif/Model" value="iPhone 11 Pro"/>
          <property name="Exif/Orientation" value="1"/>
          <property name="Exif/ShutterSpeedValue" value="6.90816"/>
          <property name="Exif/Software" value="13.2"/>
          <property name="File/ImageHeight" value="1881"/>
          <property name="File/ImageWidth" value="1411"/>
          <property name="System/FileModifyDate" value="2019:11:09 07:56:19"/>
          <property name="System/FileSize" value="94030"/>
        </meta>
      </photo>
    </camera>
    <camera camera_id="10">
      <photo path="../../../../../2019-11-09 (1)/IMG_1514.jpg">
        <meta>
          <property name="Exif/ApertureValue" value="1.69599"/>
          <property name="Exif/DateTime" value="2019:11:09 07:53:12"/>
          <property name="Exif/DateTimeOriginal" value="2019:11:09 07:53:12"/>
          <property name="Exif/ExposureTime" value="0.00833333"/>
          <property name="Exif/FNumber" value="1.8"/>
          <property name="Exif/FocalLength" value="4.25"/>
          <property name="Exif/FocalLengthIn35mmFilm" value="26"/>
          <property name="Exif/ISOSpeedRatings" value="100"/>
          <property name="Exif/Make" value="Apple"/>
          <property name="Exif/Model" value="iPhone 11 Pro"/>
          <property name="Exif/Orientation" value="1"/>
          <property name="Exif/ShutterSpeedValue" value="6.90816"/>
          <property name="Exif/Software" value="13.2"/>
          <property name="File/ImageHeight" value="1881"/>
          <property name="File/ImageWidth" value="1411"/>
          <property name="System/FileModifyDate" value="2019:11:09 07:56:19"/>
          <property name="System/FileSize" value="110153"/>
        </meta>
      </photo>
    </camera>
    <camera camera_id="11">
      <photo path="../../../../../2019-11-09 (1)/IMG_1515.jpg">
        <meta>
          <property name="Exif/ApertureValue" value="1.69599"/>
          <property name="Exif/DateTime" value="2019:11:09 07:53:12"/>
          <property name="Exif/DateTimeOriginal" value="2019:11:09 07:53:12"/>
          <property name="Exif/ExposureTime" value="0.00833333"/>
          <property name="Exif/FNumber" value="1.8"/>
          <property name="Exif/FocalLength" value="4.25"/>
          <property name="Exif/FocalLengthIn35mmFilm" value="26"/>
          <property name="Exif/ISOSpeedRatings" value="100"/>
          <property name="Exif/Make" value="Apple"/>
          <property name="Exif/Model" value="iPhone 11 Pro"/>
          <property name="Exif/Orientation" value="1"/>
          <property name="Exif/ShutterSpeedValue" value="6.90816"/>
          <property name="Exif/Software" value="13.2"/>
          <property name="File/ImageHeight" value="1881"/>
          <property name="File/ImageWidth" value="1411"/>
          <property name="System/FileModifyDate" value="2019:11:09 07:56:19"/>
          <property name="System/FileSize" value="110611"/>
        </meta>
      </photo>
    </camera>
    <camera camera_id="12">
      <photo path="../../../../../2019-11-09 (1)/IMG_1517.jpg">
        <meta>
          <property name="Exif/ApertureValue" value="1.69599"/>
          <property name="Exif/DateTime" value="2019:11:09 07:53:18"/>
          <property name="Exif/DateTimeOriginal" value="2019:11:09 07:53:18"/>
          <property name="Exif/ExposureTime" value="0.00833333"/>
          <property name="Exif/FNumber" value="1.8"/>
          <property name="Exif/FocalLength" value="4.25"/>
          <property name="Exif/FocalLengthIn35mmFilm" value="26"/>
          <property name="Exif/ISOSpeedRatings" value="100"/>
          <property name="Exif/Make" value="Apple"/>
          <property name="Exif/Model" value="iPhone 11 Pro"/>
          <property name="Exif/Orientation" value="1"/>
          <property name="Exif/ShutterSpeedValue" value="6.90816"/>
          <property name="Exif/Software" value="13.2"/>
          <property name="File/ImageHeight" value="1881"/>
          <property name="File/ImageWidth" value="1411"/>
          <property name="System/FileModifyDate" value="2019:11:09 07:56:20"/>
          <property name="System/FileSize" value="113220"/>
        </meta>
      </photo>
    </camera>
    <camera camera_id="13">
      <photo path="../../../../../2019-11-09 (1)/IMG_1519.jpg">
        <meta>
          <property name="Exif/ApertureValue" value="1.69599"/>
          <property name="Exif/DateTime" value="2019:11:09 07:53:20"/>
          <property name="Exif/DateTimeOriginal" value="2019:11:09 07:53:20"/>
          <property name="Exif/ExposureTime" value="0.00833333"/>
          <property name="Exif/FNumber" value="1.8"/>
          <property name="Exif/FocalLength" value="4.25"/>
          <property name="Exif/FocalLengthIn35mmFilm" value="26"/>
          <property name="Exif/ISOSpeedRatings" value="100"/>
          <property name="Exif/Make" value="Apple"/>
          <property name="Exif/Model" value="iPhone 11 Pro"/>
          <property name="Exif/Orientation" value="1"/>
          <property name="Exif/ShutterSpeedValue" value="6.90816"/>
          <property name="Exif/Software" value="13.2"/>
          <property name="File/ImageHeight" value="1881"/>
          <property name="File/ImageWidth" value="1411"/>
          <property name="System/FileModifyDate" value="2019:11:09 07:56:20"/>
          <property name="System/FileSize" value="121237"/>
        </meta>
      </photo>
    </camera>
    <camera camera_id="14">
      <photo path="../../../../../2019-11-09 (1)/IMG_1520.jpg">
        <meta>
          <property name="Exif/ApertureValue" value="1.69599"/>
          <property name="Exif/DateTime" value="2019:11:09 07:53:21"/>
          <property name="Exif/DateTimeOriginal" value="2019:11:09 07:53:21"/>
          <property name="Exif/ExposureTime" value="0.00833333"/>
          <property name="Exif/FNumber" value="1.8"/>
          <property name="Exif/FocalLength" value="4.25"/>
          <property name="Exif/FocalLengthIn35mmFilm" value="26"/>
          <property name="Exif/ISOSpeedRatings" value="80"/>
          <property name="Exif/Make" value="Apple"/>
          <property name="Exif/Model" value="iPhone 11 Pro"/>
          <property name="Exif/Orientation" value="1"/>
          <property name="Exif/ShutterSpeedValue" value="6.90816"/>
          <property name="Exif/Software" value="13.2"/>
          <property name="File/ImageHeight" value="1881"/>
          <property name="File/ImageWidth" value="1411"/>
          <property name="System/FileModifyDate" value="2019:11:09 07:56:20"/>
          <property name="System/FileSize" value="131038"/>
        </meta>
      </photo>
    </camera>
    <camera camera_id="15">
      <photo path="../../../../../2019-11-09 (1)/IMG_1521.jpg">
        <meta>
          <property name="Exif/ApertureValue" value="1.69599"/>
          <property name="Exif/DateTime" value="2019:11:09 07:53:21"/>
          <property name="Exif/DateTimeOriginal" value="2019:11:09 07:53:21"/>
          <property name="Exif/ExposureTime" value="0.00833333"/>
          <property name="Exif/FNumber" value="1.8"/>
          <property name="Exif/FocalLength" value="4.25"/>
          <property name="Exif/FocalLengthIn35mmFilm" value="26"/>
          <property name="Exif/ISOSpeedRatings" value="80"/>
          <property name="Exif/Make" value="Apple"/>
          <property name="Exif/Model" value="iPhone 11 Pro"/>
          <property name="Exif/Orientation" value="1"/>
          <property name="Exif/ShutterSpeedValue" value="6.90816"/>
          <property name="Exif/Software" value="13.2"/>
          <property name="File/ImageHeight" value="1881"/>
          <property name="File/ImageWidth" value="1411"/>
          <property name="System/FileModifyDate" value="2019:11:09 07:56:20"/>
          <property name="System/FileSize" value="140562"/>
        </meta>
      </photo>
    </camera>
    <camera camera_id="16">
      <photo path="../../../../../2019-11-09 (1)/IMG_1522.jpg">
        <meta>
          <property name="Exif/ApertureValue" value="1.69599"/>
          <property name="Exif/DateTime" value="2019:11:09 07:53:22"/>
          <property name="Exif/DateTimeOriginal" value="2019:11:09 07:53:22"/>
          <property name="Exif/ExposureTime" value="0.00833333"/>
          <property name="Exif/FNumber" value="1.8"/>
          <property name="Exif/FocalLength" value="4.25"/>
          <property name="Exif/FocalLengthIn35mmFilm" value="26"/>
          <property name="Exif/ISOSpeedRatings" value="80"/>
          <property name="Exif/Make" value="Apple"/>
          <property name="Exif/Model" value="iPhone 11 Pro"/>
          <property name="Exif/Orientation" value="1"/>
          <property name="Exif/ShutterSpeedValue" value="6.90816"/>
          <property name="Exif/Software" value="13.2"/>
          <property name="File/ImageHeight" value="1881"/>
          <property name="File/ImageWidth" value="1411"/>
          <property name="System/FileModifyDate" value="2019:11:09 07:56:20"/>
          <property name="System/FileSize" value="131688"/>
        </meta>
      </photo>
    </camera>
    <camera camera_id="17">
      <photo path="../../../../../2019-11-09 (1)/IMG_1523.jpg">
        <meta>
          <property name="Exif/ApertureValue" value="1.69599"/>
          <property name="Exif/DateTime" value="2019:11:09 07:53:23"/>
          <property name="Exif/DateTimeOriginal" value="2019:11:09 07:53:23"/>
          <property name="Exif/ExposureTime" value="0.00833333"/>
          <property name="Exif/FNumber" value="1.8"/>
          <property name="Exif/FocalLength" value="4.25"/>
          <property name="Exif/FocalLengthIn35mmFilm" value="26"/>
          <property name="Exif/ISOSpeedRatings" value="80"/>
          <property name="Exif/Make" value="Apple"/>
          <property name="Exif/Model" value="iPhone 11 Pro"/>
          <property name="Exif/Orientation" value="1"/>
          <property name="Exif/ShutterSpeedValue" value="6.90816"/>
          <property name="Exif/Software" value="13.2"/>
          <property name="File/ImageHeight" value="1881"/>
          <property name="File/ImageWidth" value="1411"/>
          <property name="System/FileModifyDate" value="2019:11:09 07:56:20"/>
          <property name="System/FileSize" value="173389"/>
        </meta>
      </photo>
    </camera>
    <camera camera_id="18">
      <photo path="../../../../../2019-11-09 (1)/IMG_1524.jpg">
        <meta>
          <property name="Exif/ApertureValue" value="1.69599"/>
          <property name="Exif/DateTime" value="2019:11:09 07:53:24"/>
          <property name="Exif/DateTimeOriginal" value="2019:11:09 07:53:24"/>
          <property name="Exif/ExposureTime" value="0.00833333"/>
          <property name="Exif/FNumber" value="1.8"/>
          <property name="Exif/FocalLength" value="4.25"/>
          <property name="Exif/FocalLengthIn35mmFilm" value="26"/>
          <property name="Exif/ISOSpeedRatings" value="80"/>
          <property name="Exif/Make" value="Apple"/>
          <property name="Exif/Model" value="iPhone 11 Pro"/>
          <property name="Exif/Orientation" value="1"/>
          <property name="Exif/ShutterSpeedValue" value="6.90816"/>
          <property name="Exif/Software" value="13.2"/>
          <property name="File/ImageHeight" value="1881"/>
          <property name="File/ImageWidth" value="1411"/>
          <property name="System/FileModifyDate" value="2019:11:09 07:56:20"/>
          <property name="System/FileSize" value="122506"/>
        </meta>
      </photo>
    </camera>
    <camera camera_id="19">
      <photo path="../../../../../2019-11-09 (1)/IMG_1525.jpg">
        <meta>
          <property name="Exif/ApertureValue" value="1.69599"/>
          <property name="Exif/DateTime" value="2019:11:09 07:53:25"/>
          <property name="Exif/DateTimeOriginal" value="2019:11:09 07:53:25"/>
          <property name="Exif/ExposureTime" value="0.00833333"/>
          <property name="Exif/FNumber" value="1.8"/>
          <property name="Exif/FocalLength" value="4.25"/>
          <property name="Exif/FocalLengthIn35mmFilm" value="26"/>
          <property name="Exif/ISOSpeedRatings" value="80"/>
          <property name="Exif/Make" value="Apple"/>
          <property name="Exif/Model" value="iPhone 11 Pro"/>
          <property name="Exif/Orientation" value="1"/>
          <property name="Exif/ShutterSpeedValue" value="6.90816"/>
          <property name="Exif/Software" value="13.2"/>
          <property name="File/ImageHeight" value="1881"/>
          <property name="File/ImageWidth" value="1411"/>
          <property name="System/FileModifyDate" value="2019:11:09 07:56:20"/>
          <property name="System/FileSize" value="138547"/>
        </meta>
      </photo>
    </camera>
    <camera camera_id="20">
      <photo path="../../../../../2019-11-09 (1)/IMG_1526.jpg">
        <meta>
          <property name="Exif/ApertureValue" value="1.69599"/>
          <property name="Exif/DateTime" value="2019:11:09 07:53:26"/>
          <property name="Exif/DateTimeOriginal" value="2019:11:09 07:53:26"/>
          <property name="Exif/ExposureTime" value="0.00833333"/>
          <property name="Exif/FNumber" value="1.8"/>
          <property name="Exif/FocalLength" value="4.25"/>
          <property name="Exif/FocalLengthIn35mmFilm" value="26"/>
          <property name="Exif/ISOSpeedRatings" value="100"/>
          <property name="Exif/Make" value="Apple"/>
          <property name="Exif/Model" value="iPhone 11 Pro"/>
          <property name="Exif/Orientation" value="1"/>
          <property name="Exif/ShutterSpeedValue" value="6.90816"/>
          <property name="Exif/Software" value="13.2"/>
          <property name="File/ImageHeight" value="1881"/>
          <property name="File/ImageWidth" value="1411"/>
          <property name="System/FileModifyDate" value="2019:11:09 07:56:20"/>
          <property name="System/FileSize" value="136379"/>
        </meta>
      </photo>
    </camera>
    <camera camera_id="21">
      <photo path="../../../../../2019-11-09 (1)/IMG_1527.jpg">
        <meta>
          <property name="Exif/ApertureValue" value="1.69599"/>
          <property name="Exif/DateTime" value="2019:11:09 07:53:26"/>
          <property name="Exif/DateTimeOriginal" value="2019:11:09 07:53:26"/>
          <property name="Exif/ExposureTime" value="0.00833333"/>
          <property name="Exif/FNumber" value="1.8"/>
          <property name="Exif/FocalLength" value="4.25"/>
          <property name="Exif/FocalLengthIn35mmFilm" value="26"/>
          <property name="Exif/ISOSpeedRatings" value="125"/>
          <property name="Exif/Make" value="Apple"/>
          <property name="Exif/Model" value="iPhone 11 Pro"/>
          <property name="Exif/Orientation" value="1"/>
          <property name="Exif/ShutterSpeedValue" value="6.90816"/>
          <property name="Exif/Software" value="13.2"/>
          <property name="File/ImageHeight" value="1881"/>
          <property name="File/ImageWidth" value="1411"/>
          <property name="System/FileModifyDate" value="2019:11:09 07:56:20"/>
          <property name="System/FileSize" value="142131"/>
        </meta>
      </photo>
    </camera>
    <camera camera_id="22">
      <photo path="../../../../../2019-11-09 (1)/IMG_1528.jpg">
        <meta>
          <property name="Exif/ApertureValue" value="1.69599"/>
          <property name="Exif/DateTime" value="2019:11:09 07:53:27"/>
          <property name="Exif/DateTimeOriginal" value="2019:11:09 07:53:27"/>
          <property name="Exif/ExposureTime" value="0.0166667"/>
          <property name="Exif/FNumber" value="1.8"/>
          <property name="Exif/FocalLength" value="4.25"/>
          <property name="Exif/FocalLengthIn35mmFilm" value="26"/>
          <property name="Exif/ISOSpeedRatings" value="64"/>
          <property name="Exif/Make" value="Apple"/>
          <property name="Exif/Model" value="iPhone 11 Pro"/>
          <property name="Exif/Orientation" value="1"/>
          <property name="Exif/ShutterSpeedValue" value="5.90747"/>
          <property name="Exif/Software" value="13.2"/>
          <property name="File/ImageHeight" value="1881"/>
          <property name="File/ImageWidth" value="1411"/>
          <property name="System/FileModifyDate" value="2019:11:09 07:56:20"/>
          <property name="System/FileSize" value="190336"/>
        </meta>
      </photo>
    </camera>
    <camera camera_id="23">
      <photo path="../../../../../2019-11-09 (1)/IMG_1529.jpg">
        <meta>
          <property name="Exif/ApertureValue" value="1.69599"/>
          <property name="Exif/DateTime" value="2019:11:09 07:53:28"/>
          <property name="Exif/DateTimeOriginal" value="2019:11:09 07:53:28"/>
          <property name="Exif/ExposureTime" value="0.0166667"/>
          <property name="Exif/FNumber" value="1.8"/>
          <property name="Exif/FocalLength" value="4.25"/>
          <property name="Exif/FocalLengthIn35mmFilm" value="26"/>
          <property name="Exif/ISOSpeedRatings" value="64"/>
          <property name="Exif/Make" value="Apple"/>
          <property name="Exif/Model" value="iPhone 11 Pro"/>
          <property name="Exif/Orientation" value="1"/>
          <property name="Exif/ShutterSpeedValue" value="5.90747"/>
          <property name="Exif/Software" value="13.2"/>
          <property name="File/ImageHeight" value="1881"/>
          <property name="File/ImageWidth" value="1411"/>
          <property name="System/FileModifyDate" value="2019:11:09 07:56:20"/>
          <property name="System/FileSize" value="141340"/>
        </meta>
      </photo>
    </camera>
    <camera camera_id="24">
      <photo path="../../../../../2019-11-09 (1)/IMG_1530.jpg">
        <meta>
          <property name="Exif/ApertureValue" value="1.69599"/>
          <property name="Exif/DateTime" value="2019:11:09 07:53:28"/>
          <property name="Exif/DateTimeOriginal" value="2019:11:09 07:53:28"/>
          <property name="Exif/ExposureTime" value="0.0166667"/>
          <property name="Exif/FNumber" value="1.8"/>
          <property name="Exif/FocalLength" value="4.25"/>
          <property name="Exif/FocalLengthIn35mmFilm" value="26"/>
          <property name="Exif/ISOSpeedRatings" value="80"/>
          <property name="Exif/Make" value="Apple"/>
          <property name="Exif/Model" value="iPhone 11 Pro"/>
          <property name="Exif/Orientation" value="1"/>
          <property name="Exif/ShutterSpeedValue" value="5.90747"/>
          <property name="Exif/Software" value="13.2"/>
          <property name="File/ImageHeight" value="1881"/>
          <property name="File/ImageWidth" value="1411"/>
          <property name="System/FileModifyDate" value="2019:11:09 07:56:20"/>
          <property name="System/FileSize" value="166392"/>
        </meta>
      </photo>
    </camera>
    <camera camera_id="25">
      <photo path="../../../../../2019-11-09 (1)/IMG_1531.jpg">
        <meta>
          <property name="Exif/ApertureValue" value="1.69599"/>
          <property name="Exif/DateTime" value="2019:11:09 07:53:29"/>
          <property name="Exif/DateTimeOriginal" value="2019:11:09 07:53:29"/>
          <property name="Exif/ExposureTime" value="0.0166667"/>
          <property name="Exif/FNumber" value="1.8"/>
          <property name="Exif/FocalLength" value="4.25"/>
          <property name="Exif/FocalLengthIn35mmFilm" value="26"/>
          <property name="Exif/ISOSpeedRatings" value="80"/>
          <property name="Exif/Make" value="Apple"/>
          <property name="Exif/Model" value="iPhone 11 Pro"/>
          <property name="Exif/Orientation" value="1"/>
          <property name="Exif/ShutterSpeedValue" value="5.90747"/>
          <property name="Exif/Software" value="13.2"/>
          <property name="File/ImageHeight" value="1881"/>
          <property name="File/ImageWidth" value="1411"/>
          <property name="System/FileModifyDate" value="2019:11:09 07:56:20"/>
          <property name="System/FileSize" value="191619"/>
        </meta>
      </photo>
    </camera>
    <camera camera_id="26">
      <photo path="../../../../../2019-11-09 (1)/IMG_1532.jpg">
        <meta>
          <property name="Exif/ApertureValue" value="1.69599"/>
          <property name="Exif/DateTime" value="2019:11:09 07:53:29"/>
          <property name="Exif/DateTimeOriginal" value="2019:11:09 07:53:29"/>
          <property name="Exif/ExposureTime" value="0.0166667"/>
          <property name="Exif/FNumber" value="1.8"/>
          <property name="Exif/FocalLength" value="4.25"/>
          <property name="Exif/FocalLengthIn35mmFilm" value="26"/>
          <property name="Exif/ISOSpeedRatings" value="80"/>
          <property name="Exif/Make" value="Apple"/>
          <property name="Exif/Model" value="iPhone 11 Pro"/>
          <property name="Exif/Orientation" value="1"/>
          <property name="Exif/ShutterSpeedValue" value="5.90747"/>
          <property name="Exif/Software" value="13.2"/>
          <property name="File/ImageHeight" value="1881"/>
          <property name="File/ImageWidth" value="1411"/>
          <property name="System/FileModifyDate" value="2019:11:09 07:56:20"/>
          <property name="System/FileSize" value="137417"/>
        </meta>
      </photo>
    </camera>
    <camera camera_id="27">
      <photo path="../../../../../2019-11-09 (1)/IMG_1535.jpg">
        <meta>
          <property name="Exif/ApertureValue" value="1.69599"/>
          <property name="Exif/DateTime" value="2019:11:09 07:53:30"/>
          <property name="Exif/DateTimeOriginal" value="2019:11:09 07:53:30"/>
          <property name="Exif/ExposureTime" value="0.0166667"/>
          <property name="Exif/FNumber" value="1.8"/>
          <property name="Exif/FocalLength" value="4.25"/>
          <property name="Exif/FocalLengthIn35mmFilm" value="26"/>
          <property name="Exif/ISOSpeedRatings" value="80"/>
          <property name="Exif/Make" value="Apple"/>
          <property name="Exif/Model" value="iPhone 11 Pro"/>
          <property name="Exif/Orientation" value="1"/>
          <property name="Exif/ShutterSpeedValue" value="5.90747"/>
          <property name="Exif/Software" value="13.2"/>
          <property name="File/ImageHeight" value="1881"/>
          <property name="File/ImageWidth" value="1411"/>
          <property name="System/FileModifyDate" value="2019:11:09 07:56:20"/>
          <property name="System/FileSize" value="204296"/>
        </meta>
      </photo>
    </camera>
    <camera camera_id="28">
      <photo path="../../../../../2019-11-09 (1)/IMG_1536.jpg">
        <meta>
          <property name="Exif/ApertureValue" value="1.69599"/>
          <property name="Exif/DateTime" value="2019:11:09 07:53:31"/>
          <property name="Exif/DateTimeOriginal" value="2019:11:09 07:53:31"/>
          <property name="Exif/ExposureTime" value="0.0166667"/>
          <property name="Exif/FNumber" value="1.8"/>
          <property name="Exif/FocalLength" value="4.25"/>
          <property name="Exif/FocalLengthIn35mmFilm" value="26"/>
          <property name="Exif/ISOSpeedRatings" value="80"/>
          <property name="Exif/Make" value="Apple"/>
          <property name="Exif/Model" value="iPhone 11 Pro"/>
          <property name="Exif/Orientation" value="1"/>
          <property name="Exif/ShutterSpeedValue" value="5.90747"/>
          <property name="Exif/Software" value="13.2"/>
          <property name="File/ImageHeight" value="1881"/>
          <property name="File/ImageWidth" value="1411"/>
          <property name="System/FileModifyDate" value="2019:11:09 07:56:20"/>
          <property name="System/FileSize" value="113043"/>
        </meta>
      </photo>
    </camera>
    <camera camera_id="29">
      <photo path="../../../../../2019-11-09 (1)/IMG_1537.jpg">
        <meta>
          <property name="Exif/ApertureValue" value="1.69599"/>
          <property name="Exif/DateTime" value="2019:11:09 07:53:32"/>
          <property name="Exif/DateTimeOriginal" value="2019:11:09 07:53:32"/>
          <property name="Exif/ExposureTime" value="0.0166667"/>
          <property name="Exif/FNumber" value="1.8"/>
          <property name="Exif/FocalLength" value="4.25"/>
          <property name="Exif/FocalLengthIn35mmFilm" value="26"/>
          <property name="Exif/ISOSpeedRatings" value="80"/>
          <property name="Exif/Make" value="Apple"/>
          <property name="Exif/Model" value="iPhone 11 Pro"/>
          <property name="Exif/Orientation" value="1"/>
          <property name="Exif/ShutterSpeedValue" value="5.90747"/>
          <property name="Exif/Software" value="13.2"/>
          <property name="File/ImageHeight" value="1881"/>
          <property name="File/ImageWidth" value="1411"/>
          <property name="System/FileModifyDate" value="2019:11:09 07:56:20"/>
          <property name="System/FileSize" value="138475"/>
        </meta>
      </photo>
    </camera>
    <camera camera_id="30">
      <photo path="../../../../../2019-11-09 (1)/IMG_1538.jpg">
        <meta>
          <property name="Exif/ApertureValue" value="1.69599"/>
          <property name="Exif/DateTime" value="2019:11:09 07:53:32"/>
          <property name="Exif/DateTimeOriginal" value="2019:11:09 07:53:32"/>
          <property name="Exif/ExposureTime" value="0.0166667"/>
          <property name="Exif/FNumber" value="1.8"/>
          <property name="Exif/FocalLength" value="4.25"/>
          <property name="Exif/FocalLengthIn35mmFilm" value="26"/>
          <property name="Exif/ISOSpeedRatings" value="80"/>
          <property name="Exif/Make" value="Apple"/>
          <property name="Exif/Model" value="iPhone 11 Pro"/>
          <property name="Exif/Orientation" value="1"/>
          <property name="Exif/ShutterSpeedValue" value="5.90747"/>
          <property name="Exif/Software" value="13.2"/>
          <property name="File/ImageHeight" value="1881"/>
          <property name="File/ImageWidth" value="1411"/>
          <property name="System/FileModifyDate" value="2019:11:09 07:56:20"/>
          <property name="System/FileSize" value="146684"/>
        </meta>
      </photo>
    </camera>
    <camera camera_id="31">
      <photo path="../../../../../2019-11-09 (1)/IMG_1539.jpg">
        <meta>
          <property name="Exif/ApertureValue" value="1.69599"/>
          <property name="Exif/DateTime" value="2019:11:09 07:53:33"/>
          <property name="Exif/DateTimeOriginal" value="2019:11:09 07:53:33"/>
          <property name="Exif/ExposureTime" value="0.0166667"/>
          <property name="Exif/FNumber" value="1.8"/>
          <property name="Exif/FocalLength" value="4.25"/>
          <property name="Exif/FocalLengthIn35mmFilm" value="26"/>
          <property name="Exif/ISOSpeedRatings" value="80"/>
          <property name="Exif/Make" value="Apple"/>
          <property name="Exif/Model" value="iPhone 11 Pro"/>
          <property name="Exif/Orientation" value="1"/>
          <property name="Exif/ShutterSpeedValue" value="5.90747"/>
          <property name="Exif/Software" value="13.2"/>
          <property name="File/ImageHeight" value="1881"/>
          <property name="File/ImageWidth" value="1411"/>
          <property name="System/FileModifyDate" value="2019:11:09 07:56:20"/>
          <property name="System/FileSize" value="163022"/>
        </meta>
      </photo>
    </camera>
    <camera camera_id="32">
      <photo path="../../../../../2019-11-09 (1)/IMG_1540.jpg">
        <meta>
          <property name="Exif/ApertureValue" value="1.69599"/>
          <property name="Exif/DateTime" value="2019:11:09 07:53:33"/>
          <property name="Exif/DateTimeOriginal" value="2019:11:09 07:53:33"/>
          <property name="Exif/ExposureTime" value="0.0166667"/>
          <property name="Exif/FNumber" value="1.8"/>
          <property name="Exif/FocalLength" value="4.25"/>
          <property name="Exif/FocalLengthIn35mmFilm" value="26"/>
          <property name="Exif/ISOSpeedRatings" value="80"/>
          <property name="Exif/Make" value="Apple"/>
          <property name="Exif/Model" value="iPhone 11 Pro"/>
          <property name="Exif/Orientation" value="1"/>
          <property name="Exif/ShutterSpeedValue" value="5.90747"/>
          <property name="Exif/Software" value="13.2"/>
          <property name="File/ImageHeight" value="1881"/>
          <property name="File/ImageWidth" value="1411"/>
          <property name="System/FileModifyDate" value="2019:11:09 07:56:20"/>
          <property name="System/FileSize" value="153443"/>
        </meta>
      </photo>
    </camera>
    <camera camera_id="33">
      <photo path="../../../../../2019-11-09 (1)/IMG_1541.jpg">
        <meta>
          <property name="Exif/ApertureValue" value="1.69599"/>
          <property name="Exif/DateTime" value="2019:11:09 07:53:34"/>
          <property name="Exif/DateTimeOriginal" value="2019:11:09 07:53:34"/>
          <property name="Exif/ExposureTime" value="0.0166667"/>
          <property name="Exif/FNumber" value="1.8"/>
          <property name="Exif/FocalLength" value="4.25"/>
          <property name="Exif/FocalLengthIn35mmFilm" value="26"/>
          <property name="Exif/ISOSpeedRatings" value="64"/>
          <property name="Exif/Make" value="Apple"/>
          <property name="Exif/Model" value="iPhone 11 Pro"/>
          <property name="Exif/Orientation" value="1"/>
          <property name="Exif/ShutterSpeedValue" value="5.90747"/>
          <property name="Exif/Software" value="13.2"/>
          <property name="File/ImageHeight" value="1881"/>
          <property name="File/ImageWidth" value="1411"/>
          <property name="System/FileModifyDate" value="2019:11:09 07:56:20"/>
          <property name="System/FileSize" value="124221"/>
        </meta>
      </photo>
    </camera>
    <camera camera_id="34">
      <photo path="../../../../../2019-11-09 (1)/IMG_1542.jpg">
        <meta>
          <property name="Exif/ApertureValue" value="1.69599"/>
          <property name="Exif/DateTime" value="2019:11:09 07:53:35"/>
          <property name="Exif/DateTimeOriginal" value="2019:11:09 07:53:35"/>
          <property name="Exif/ExposureTime" value="0.00833333"/>
          <property name="Exif/FNumber" value="1.8"/>
          <property name="Exif/FocalLength" value="4.25"/>
          <property name="Exif/FocalLengthIn35mmFilm" value="26"/>
          <property name="Exif/ISOSpeedRatings" value="125"/>
          <property name="Exif/Make" value="Apple"/>
          <property name="Exif/Model" value="iPhone 11 Pro"/>
          <property name="Exif/Orientation" value="1"/>
          <property name="Exif/ShutterSpeedValue" value="6.90816"/>
          <property name="Exif/Software" value="13.2"/>
          <property name="File/ImageHeight" value="1881"/>
          <property name="File/ImageWidth" value="1411"/>
          <property name="System/FileModifyDate" value="2019:11:09 07:56:20"/>
          <property name="System/FileSize" value="124285"/>
        </meta>
      </photo>
    </camera>
    <camera camera_id="35">
      <photo path="../../../../../2019-11-09 (1)/IMG_1543.jpg">
        <meta>
          <property name="Exif/ApertureValue" value="1.69599"/>
          <property name="Exif/DateTime" value="2019:11:09 07:53:35"/>
          <property name="Exif/DateTimeOriginal" value="2019:11:09 07:53:35"/>
          <property name="Exif/ExposureTime" value="0.00833333"/>
          <property name="Exif/FNumber" value="1.8"/>
          <property name="Exif/FocalLength" value="4.25"/>
          <property name="Exif/FocalLengthIn35mmFilm" value="26"/>
          <property name="Exif/ISOSpeedRatings" value="125"/>
          <property name="Exif/Make" value="Apple"/>
          <property name="Exif/Model" value="iPhone 11 Pro"/>
          <property name="Exif/Orientation" value="1"/>
          <property name="Exif/ShutterSpeedValue" value="6.90816"/>
          <property name="Exif/Software" value="13.2"/>
          <property name="File/ImageHeight" value="1881"/>
          <property name="File/ImageWidth" value="1411"/>
          <property name="System/FileModifyDate" value="2019:11:09 07:56:20"/>
          <property name="System/FileSize" value="114615"/>
        </meta>
      </photo>
    </camera>
    <camera camera_id="36">
      <photo path="../../../../../2019-11-09 (1)/IMG_1544.jpg">
        <meta>
          <property name="Exif/ApertureValue" value="1.69599"/>
          <property name="Exif/DateTime" value="2019:11:09 07:53:36"/>
          <property name="Exif/DateTimeOriginal" value="2019:11:09 07:53:36"/>
          <property name="Exif/ExposureTime" value="0.00833333"/>
          <property name="Exif/FNumber" value="1.8"/>
          <property name="Exif/FocalLength" value="4.25"/>
          <property name="Exif/FocalLengthIn35mmFilm" value="26"/>
          <property name="Exif/ISOSpeedRatings" value="100"/>
          <property name="Exif/Make" value="Apple"/>
          <property name="Exif/Model" value="iPhone 11 Pro"/>
          <property name="Exif/Orientation" value="1"/>
          <property name="Exif/ShutterSpeedValue" value="6.90816"/>
          <property name="Exif/Software" value="13.2"/>
          <property name="File/ImageHeight" value="1881"/>
          <property name="File/ImageWidth" value="1411"/>
          <property name="System/FileModifyDate" value="2019:11:09 07:56:20"/>
          <property name="System/FileSize" value="126476"/>
        </meta>
      </photo>
    </camera>
    <camera camera_id="37">
      <photo path="../../../../../2019-11-09 (1)/IMG_1545.jpg">
        <meta>
          <property name="Exif/ApertureValue" value="1.69599"/>
          <property name="Exif/DateTime" value="2019:11:09 07:53:36"/>
          <property name="Exif/DateTimeOriginal" value="2019:11:09 07:53:36"/>
          <property name="Exif/ExposureTime" value="0.00833333"/>
          <property name="Exif/FNumber" value="1.8"/>
          <property name="Exif/FocalLength" value="4.25"/>
          <property name="Exif/FocalLengthIn35mmFilm" value="26"/>
          <property name="Exif/ISOSpeedRatings" value="100"/>
          <property name="Exif/Make" value="Apple"/>
          <property name="Exif/Model" value="iPhone 11 Pro"/>
          <property name="Exif/Orientation" value="1"/>
          <property name="Exif/ShutterSpeedValue" value="6.90816"/>
          <property name="Exif/Software" value="13.2"/>
          <property name="File/ImageHeight" value="1881"/>
          <property name="File/ImageWidth" value="1411"/>
          <property name="System/FileModifyDate" value="2019:11:09 07:56:20"/>
          <property name="System/FileSize" value="131975"/>
        </meta>
      </photo>
    </camera>
  </cameras>
  <thumbnails path="thumbnails/thumbnails.zip"/>
  <point_cloud path="point_cloud/point_cloud.zip"/>
  <depth_maps id="0" path="depth_maps/depth_maps.zip"/>
  <dense_cloud id="0" path="dense_cloud/dense_cloud.zip"/>
  <model id="0" path="model/model.zip"/>
</frame>
