<?xml version="1.0" encoding="UTF-8"?>
<dense_cloud version="1.2.0">
  <tiles>
    <tile path="dense_cloud.oc3">
      <totalCount>91687</totalCount>
      <validCount>90752</validCount>
      <pointCount class="0">90752</pointCount>
    </tile>
  </tiles>
  <params>
    <dataType>uint8</dataType>
    <bands>
      <band label="Red"/>
      <band label="Green"/>
      <band label="Blue"/>
    </bands>
  </params>
  <meta>
    <property name="BuildDenseCloud/duration" value="5.42"/>
    <property name="BuildDenseCloud/max_neighbors" value="100"/>
    <property name="BuildDenseCloud/max_workgroup_size" value="100"/>
    <property name="BuildDenseCloud/network_distribute" value="true"/>
    <property name="BuildDenseCloud/point_colors" value="true"/>
    <property name="BuildDenseCloud/resolution" value="0.0232284240493851"/>
    <property name="BuildDenseCloud/store_depth" value="true"/>
    <property name="BuildDenseCloud/workitem_size_cameras" value="20"/>
    <property name="BuildDepthMaps/cameras" value=""/>
    <property name="BuildDepthMaps/downscale" value="4"/>
    <property name="BuildDepthMaps/duration" value="5.631"/>
    <property name="BuildDepthMaps/filter_mode" value="0"/>
    <property name="BuildDepthMaps/max_neighbors" value="-1"/>
    <property name="BuildDepthMaps/max_workgroup_size" value="100"/>
    <property name="BuildDepthMaps/network_distribute" value="true"/>
    <property name="BuildDepthMaps/reuse_depth" value="false"/>
    <property name="BuildDepthMaps/workitem_size_cameras" value="20"/>
    <property name="Info/LastSavedDateTime" value="2019:11:09 16:27:36"/>
    <property name="Info/LastSavedSoftwareVersion" value="1.5.5.9097"/>
    <property name="Info/OriginalDateTime" value="2019:11:09 16:04:59"/>
    <property name="Info/OriginalSoftwareVersion" value="1.5.5.9097"/>
  </meta>
</dense_cloud>
